Domain,Area,Element,Months,Year,Unit,Value
"Temperature change","World","Temperature change","Meteorological year","1961","°C","0.207"
"Temperature change","World","Temperature change","Meteorological year","1962","°C","0.034"
"Temperature change","World","Temperature change","Meteorological year","1963","°C","0.159"
"Temperature change","World","Temperature change","Meteorological year","1964","°C","-0.253"
"Temperature change","World","Temperature change","Meteorological year","1965","°C","-0.226"
"Temperature change","World","Temperature change","Meteorological year","1966","°C","0.201"
"Temperature change","World","Temperature change","Meteorological year","1967","°C","-0.114"
"Temperature change","World","Temperature change","Meteorological year","1968","°C","-0.12"
"Temperature change","World","Temperature change","Meteorological year","1969","°C","-0.09"
"Temperature change","World","Temperature change","Meteorological year","1970","°C","0.153"
"Temperature change","World","Temperature change","Meteorological year","1971","°C","-0.092"
"Temperature change","World","Temperature change","Meteorological year","1972","°C","-0.195"
"Temperature change","World","Temperature change","Meteorological year","1973","°C","0.275"
"Temperature change","World","Temperature change","Meteorological year","1974","°C","-0.181"
"Temperature change","World","Temperature change","Meteorological year","1975","°C","0.09"
"Temperature change","World","Temperature change","Meteorological year","1976","°C","-0.311"
"Temperature change","World","Temperature change","Meteorological year","1977","°C","0.271"
"Temperature change","World","Temperature change","Meteorological year","1978","°C","0.004"
"Temperature change","World","Temperature change","Meteorological year","1979","°C","0.225"
"Temperature change","World","Temperature change","Meteorological year","1980","°C","0.33"
"Temperature change","World","Temperature change","Meteorological year","1981","°C","0.439"
"Temperature change","World","Temperature change","Meteorological year","1982","°C","0.078"
"Temperature change","World","Temperature change","Meteorological year","1983","°C","0.452"
"Temperature change","World","Temperature change","Meteorological year","1984","°C","0.12"
"Temperature change","World","Temperature change","Meteorological year","1985","°C","-0.034"
"Temperature change","World","Temperature change","Meteorological year","1986","°C","0.238"
"Temperature change","World","Temperature change","Meteorological year","1987","°C","0.391"
"Temperature change","World","Temperature change","Meteorological year","1988","°C","0.549"
"Temperature change","World","Temperature change","Meteorological year","1989","°C","0.326"
"Temperature change","World","Temperature change","Meteorological year","1990","°C","0.636"
"Temperature change","World","Temperature change","Meteorological year","1991","°C","0.458"
"Temperature change","World","Temperature change","Meteorological year","1992","°C","0.183"
"Temperature change","World","Temperature change","Meteorological year","1993","°C","0.346"
"Temperature change","World","Temperature change","Meteorological year","1994","°C","0.501"
"Temperature change","World","Temperature change","Meteorological year","1995","°C","0.831"
"Temperature change","World","Temperature change","Meteorological year","1996","°C","0.354"
"Temperature change","World","Temperature change","Meteorological year","1997","°C","0.656"
"Temperature change","World","Temperature change","Meteorological year","1998","°C","0.992"
"Temperature change","World","Temperature change","Meteorological year","1999","°C","0.788"
"Temperature change","World","Temperature change","Meteorological year","2000","°C","0.735"
"Temperature change","World","Temperature change","Meteorological year","2001","°C","0.836"
"Temperature change","World","Temperature change","Meteorological year","2002","°C","1.018"
"Temperature change","World","Temperature change","Meteorological year","2003","°C","0.896"
"Temperature change","World","Temperature change","Meteorological year","2004","°C","0.914"
"Temperature change","World","Temperature change","Meteorological year","2005","°C","1.103"
"Temperature change","World","Temperature change","Meteorological year","2006","°C","1.001"
"Temperature change","World","Temperature change","Meteorological year","2007","°C","1.198"
"Temperature change","World","Temperature change","Meteorological year","2008","°C","0.938"
"Temperature change","World","Temperature change","Meteorological year","2009","°C","0.967"
"Temperature change","World","Temperature change","Meteorological year","2010","°C","1.228"
"Temperature change","World","Temperature change","Meteorological year","2011","°C","0.923"
"Temperature change","World","Temperature change","Meteorological year","2012","°C","1.081"
"Temperature change","World","Temperature change","Meteorological year","2013","°C","1.021"
"Temperature change","World","Temperature change","Meteorological year","2014","°C","1.052"
"Temperature change","World","Temperature change","Meteorological year","2015","°C","1.419"
"Temperature change","World","Temperature change","Meteorological year","2016","°C","1.674"
"Temperature change","World","Temperature change","Meteorological year","2017","°C","1.44"
"Temperature change","World","Temperature change","Meteorological year","2018","°C","1.301"
"Temperature change","World","Temperature change","Meteorological year","2019","°C","1.473"
"Temperature change","World","Standard Deviation","Meteorological year","1961","°C","0.201"
"Temperature change","World","Standard Deviation","Meteorological year","1962","°C","0.201"
"Temperature change","World","Standard Deviation","Meteorological year","1963","°C","0.201"
"Temperature change","World","Standard Deviation","Meteorological year","1964","°C","0.201"
"Temperature change","World","Standard Deviation","Meteorological year","1965","°C","0.201"
"Temperature change","World","Standard Deviation","Meteorological year","1966","°C","0.201"
"Temperature change","World","Standard Deviation","Meteorological year","1967","°C","0.201"
"Temperature change","World","Standard Deviation","Meteorological year","1968","°C","0.201"
"Temperature change","World","Standard Deviation","Meteorological year","1969","°C","0.201"
"Temperature change","World","Standard Deviation","Meteorological year","1970","°C","0.201"
"Temperature change","World","Standard Deviation","Meteorological year","1971","°C","0.201"
"Temperature change","World","Standard Deviation","Meteorological year","1972","°C","0.201"
"Temperature change","World","Standard Deviation","Meteorological year","1973","°C","0.201"
"Temperature change","World","Standard Deviation","Meteorological year","1974","°C","0.201"
"Temperature change","World","Standard Deviation","Meteorological year","1975","°C","0.201"
"Temperature change","World","Standard Deviation","Meteorological year","1976","°C","0.201"
"Temperature change","World","Standard Deviation","Meteorological year","1977","°C","0.201"
"Temperature change","World","Standard Deviation","Meteorological year","1978","°C","0.201"
"Temperature change","World","Standard Deviation","Meteorological year","1979","°C","0.201"
"Temperature change","World","Standard Deviation","Meteorological year","1980","°C","0.201"
"Temperature change","World","Standard Deviation","Meteorological year","1981","°C","0.201"
"Temperature change","World","Standard Deviation","Meteorological year","1982","°C","0.201"
"Temperature change","World","Standard Deviation","Meteorological year","1983","°C","0.201"
"Temperature change","World","Standard Deviation","Meteorological year","1984","°C","0.201"
"Temperature change","World","Standard Deviation","Meteorological year","1985","°C","0.201"
"Temperature change","World","Standard Deviation","Meteorological year","1986","°C","0.201"
"Temperature change","World","Standard Deviation","Meteorological year","1987","°C","0.201"
"Temperature change","World","Standard Deviation","Meteorological year","1988","°C","0.201"
"Temperature change","World","Standard Deviation","Meteorological year","1989","°C","0.201"
"Temperature change","World","Standard Deviation","Meteorological year","1990","°C","0.201"
"Temperature change","World","Standard Deviation","Meteorological year","1991","°C","0.201"
"Temperature change","World","Standard Deviation","Meteorological year","1992","°C","0.201"
"Temperature change","World","Standard Deviation","Meteorological year","1993","°C","0.201"
"Temperature change","World","Standard Deviation","Meteorological year","1994","°C","0.201"
"Temperature change","World","Standard Deviation","Meteorological year","1995","°C","0.201"
"Temperature change","World","Standard Deviation","Meteorological year","1996","°C","0.201"
"Temperature change","World","Standard Deviation","Meteorological year","1997","°C","0.201"
"Temperature change","World","Standard Deviation","Meteorological year","1998","°C","0.201"
"Temperature change","World","Standard Deviation","Meteorological year","1999","°C","0.201"
"Temperature change","World","Standard Deviation","Meteorological year","2000","°C","0.201"
"Temperature change","World","Standard Deviation","Meteorological year","2001","°C","0.201"
"Temperature change","World","Standard Deviation","Meteorological year","2002","°C","0.201"
"Temperature change","World","Standard Deviation","Meteorological year","2003","°C","0.201"
"Temperature change","World","Standard Deviation","Meteorological year","2004","°C","0.201"
"Temperature change","World","Standard Deviation","Meteorological year","2005","°C","0.201"
"Temperature change","World","Standard Deviation","Meteorological year","2006","°C","0.201"
"Temperature change","World","Standard Deviation","Meteorological year","2007","°C","0.201"
"Temperature change","World","Standard Deviation","Meteorological year","2008","°C","0.201"
"Temperature change","World","Standard Deviation","Meteorological year","2009","°C","0.201"
"Temperature change","World","Standard Deviation","Meteorological year","2010","°C","0.201"
"Temperature change","World","Standard Deviation","Meteorological year","2011","°C","0.201"
"Temperature change","World","Standard Deviation","Meteorological year","2012","°C","0.201"
"Temperature change","World","Standard Deviation","Meteorological year","2013","°C","0.201"
"Temperature change","World","Standard Deviation","Meteorological year","2014","°C","0.201"
"Temperature change","World","Standard Deviation","Meteorological year","2015","°C","0.201"
"Temperature change","World","Standard Deviation","Meteorological year","2016","°C","0.201"
"Temperature change","World","Standard Deviation","Meteorological year","2017","°C","0.201"
"Temperature change","World","Standard Deviation","Meteorological year","2018","°C","0.201"
"Temperature change","World","Standard Deviation","Meteorological year","2019","°C","0.201"
"Temperature change","Africa","Temperature change","Meteorological year","1961","°C","-0.017"
"Temperature change","Africa","Temperature change","Meteorological year","1962","°C","-0.04"
"Temperature change","Africa","Temperature change","Meteorological year","1963","°C","0.064"
"Temperature change","Africa","Temperature change","Meteorological year","1964","°C","-0.153"
"Temperature change","Africa","Temperature change","Meteorological year","1965","°C","-0.197"
"Temperature change","Africa","Temperature change","Meteorological year","1966","°C","0.138"
"Temperature change","Africa","Temperature change","Meteorological year","1967","°C","-0.209"
"Temperature change","Africa","Temperature change","Meteorological year","1968","°C","-0.218"
"Temperature change","Africa","Temperature change","Meteorological year","1969","°C","0.354"
"Temperature change","Africa","Temperature change","Meteorological year","1970","°C","0.221"
"Temperature change","Africa","Temperature change","Meteorological year","1971","°C","-0.208"
"Temperature change","Africa","Temperature change","Meteorological year","1972","°C","-0.002"
"Temperature change","Africa","Temperature change","Meteorological year","1973","°C","0.377"
"Temperature change","Africa","Temperature change","Meteorological year","1974","°C","-0.237"
"Temperature change","Africa","Temperature change","Meteorological year","1975","°C","-0.23"
"Temperature change","Africa","Temperature change","Meteorological year","1976","°C","-0.26"
"Temperature change","Africa","Temperature change","Meteorological year","1977","°C","0.232"
"Temperature change","Africa","Temperature change","Meteorological year","1978","°C","0.077"
"Temperature change","Africa","Temperature change","Meteorological year","1979","°C","0.444"
"Temperature change","Africa","Temperature change","Meteorological year","1980","°C","0.366"
"Temperature change","Africa","Temperature change","Meteorological year","1981","°C","0.104"
"Temperature change","Africa","Temperature change","Meteorological year","1982","°C","0.217"
"Temperature change","Africa","Temperature change","Meteorological year","1983","°C","0.408"
"Temperature change","Africa","Temperature change","Meteorological year","1984","°C","0.333"
"Temperature change","Africa","Temperature change","Meteorological year","1985","°C","0.301"
"Temperature change","Africa","Temperature change","Meteorological year","1986","°C","0.283"
"Temperature change","Africa","Temperature change","Meteorological year","1987","°C","0.671"
"Temperature change","Africa","Temperature change","Meteorological year","1988","°C","0.608"
"Temperature change","Africa","Temperature change","Meteorological year","1989","°C","-0.019"
"Temperature change","Africa","Temperature change","Meteorological year","1990","°C","0.574"
"Temperature change","Africa","Temperature change","Meteorological year","1991","°C","0.386"
"Temperature change","Africa","Temperature change","Meteorological year","1992","°C","0.112"
"Temperature change","Africa","Temperature change","Meteorological year","1993","°C","0.407"
"Temperature change","Africa","Temperature change","Meteorological year","1994","°C","0.418"
"Temperature change","Africa","Temperature change","Meteorological year","1995","°C","0.58"
"Temperature change","Africa","Temperature change","Meteorological year","1996","°C","0.551"
"Temperature change","Africa","Temperature change","Meteorological year","1997","°C","0.588"
"Temperature change","Africa","Temperature change","Meteorological year","1998","°C","0.961"
"Temperature change","Africa","Temperature change","Meteorological year","1999","°C","0.666"
"Temperature change","Africa","Temperature change","Meteorological year","2000","°C","0.496"
"Temperature change","Africa","Temperature change","Meteorological year","2001","°C","0.677"
"Temperature change","Africa","Temperature change","Meteorological year","2002","°C","0.894"
"Temperature change","Africa","Temperature change","Meteorological year","2003","°C","0.999"
"Temperature change","Africa","Temperature change","Meteorological year","2004","°C","0.825"
"Temperature change","Africa","Temperature change","Meteorological year","2005","°C","1.1"
"Temperature change","Africa","Temperature change","Meteorological year","2006","°C","0.94"
"Temperature change","Africa","Temperature change","Meteorological year","2007","°C","0.818"
"Temperature change","Africa","Temperature change","Meteorological year","2008","°C","0.754"
"Temperature change","Africa","Temperature change","Meteorological year","2009","°C","1.011"
"Temperature change","Africa","Temperature change","Meteorological year","2010","°C","1.541"
"Temperature change","Africa","Temperature change","Meteorological year","2011","°C","0.949"
"Temperature change","Africa","Temperature change","Meteorological year","2012","°C","0.781"
"Temperature change","Africa","Temperature change","Meteorological year","2013","°C","1.014"
"Temperature change","Africa","Temperature change","Meteorological year","2014","°C","1.036"
"Temperature change","Africa","Temperature change","Meteorological year","2015","°C","1.208"
"Temperature change","Africa","Temperature change","Meteorological year","2016","°C","1.442"
"Temperature change","Africa","Temperature change","Meteorological year","2017","°C","1.224"
"Temperature change","Africa","Temperature change","Meteorological year","2018","°C","1.222"
"Temperature change","Africa","Temperature change","Meteorological year","2019","°C","1.415"
"Temperature change","Africa","Standard Deviation","Meteorological year","1961","°C","0.24"
"Temperature change","Africa","Standard Deviation","Meteorological year","1962","°C","0.24"
"Temperature change","Africa","Standard Deviation","Meteorological year","1963","°C","0.24"
"Temperature change","Africa","Standard Deviation","Meteorological year","1964","°C","0.24"
"Temperature change","Africa","Standard Deviation","Meteorological year","1965","°C","0.24"
"Temperature change","Africa","Standard Deviation","Meteorological year","1966","°C","0.24"
"Temperature change","Africa","Standard Deviation","Meteorological year","1967","°C","0.24"
"Temperature change","Africa","Standard Deviation","Meteorological year","1968","°C","0.24"
"Temperature change","Africa","Standard Deviation","Meteorological year","1969","°C","0.24"
"Temperature change","Africa","Standard Deviation","Meteorological year","1970","°C","0.24"
"Temperature change","Africa","Standard Deviation","Meteorological year","1971","°C","0.24"
"Temperature change","Africa","Standard Deviation","Meteorological year","1972","°C","0.24"
"Temperature change","Africa","Standard Deviation","Meteorological year","1973","°C","0.24"
"Temperature change","Africa","Standard Deviation","Meteorological year","1974","°C","0.24"
"Temperature change","Africa","Standard Deviation","Meteorological year","1975","°C","0.24"
"Temperature change","Africa","Standard Deviation","Meteorological year","1976","°C","0.24"
"Temperature change","Africa","Standard Deviation","Meteorological year","1977","°C","0.24"
"Temperature change","Africa","Standard Deviation","Meteorological year","1978","°C","0.24"
"Temperature change","Africa","Standard Deviation","Meteorological year","1979","°C","0.24"
"Temperature change","Africa","Standard Deviation","Meteorological year","1980","°C","0.24"
"Temperature change","Africa","Standard Deviation","Meteorological year","1981","°C","0.24"
"Temperature change","Africa","Standard Deviation","Meteorological year","1982","°C","0.24"
"Temperature change","Africa","Standard Deviation","Meteorological year","1983","°C","0.24"
"Temperature change","Africa","Standard Deviation","Meteorological year","1984","°C","0.24"
"Temperature change","Africa","Standard Deviation","Meteorological year","1985","°C","0.24"
"Temperature change","Africa","Standard Deviation","Meteorological year","1986","°C","0.24"
"Temperature change","Africa","Standard Deviation","Meteorological year","1987","°C","0.24"
"Temperature change","Africa","Standard Deviation","Meteorological year","1988","°C","0.24"
"Temperature change","Africa","Standard Deviation","Meteorological year","1989","°C","0.24"
"Temperature change","Africa","Standard Deviation","Meteorological year","1990","°C","0.24"
"Temperature change","Africa","Standard Deviation","Meteorological year","1991","°C","0.24"
"Temperature change","Africa","Standard Deviation","Meteorological year","1992","°C","0.24"
"Temperature change","Africa","Standard Deviation","Meteorological year","1993","°C","0.24"
"Temperature change","Africa","Standard Deviation","Meteorological year","1994","°C","0.24"
"Temperature change","Africa","Standard Deviation","Meteorological year","1995","°C","0.24"
"Temperature change","Africa","Standard Deviation","Meteorological year","1996","°C","0.24"
"Temperature change","Africa","Standard Deviation","Meteorological year","1997","°C","0.24"
"Temperature change","Africa","Standard Deviation","Meteorological year","1998","°C","0.24"
"Temperature change","Africa","Standard Deviation","Meteorological year","1999","°C","0.24"
"Temperature change","Africa","Standard Deviation","Meteorological year","2000","°C","0.24"
"Temperature change","Africa","Standard Deviation","Meteorological year","2001","°C","0.24"
"Temperature change","Africa","Standard Deviation","Meteorological year","2002","°C","0.24"
"Temperature change","Africa","Standard Deviation","Meteorological year","2003","°C","0.24"
"Temperature change","Africa","Standard Deviation","Meteorological year","2004","°C","0.24"
"Temperature change","Africa","Standard Deviation","Meteorological year","2005","°C","0.24"
"Temperature change","Africa","Standard Deviation","Meteorological year","2006","°C","0.24"
"Temperature change","Africa","Standard Deviation","Meteorological year","2007","°C","0.24"
"Temperature change","Africa","Standard Deviation","Meteorological year","2008","°C","0.24"
"Temperature change","Africa","Standard Deviation","Meteorological year","2009","°C","0.24"
"Temperature change","Africa","Standard Deviation","Meteorological year","2010","°C","0.24"
"Temperature change","Africa","Standard Deviation","Meteorological year","2011","°C","0.24"
"Temperature change","Africa","Standard Deviation","Meteorological year","2012","°C","0.24"
"Temperature change","Africa","Standard Deviation","Meteorological year","2013","°C","0.24"
"Temperature change","Africa","Standard Deviation","Meteorological year","2014","°C","0.24"
"Temperature change","Africa","Standard Deviation","Meteorological year","2015","°C","0.24"
"Temperature change","Africa","Standard Deviation","Meteorological year","2016","°C","0.24"
"Temperature change","Africa","Standard Deviation","Meteorological year","2017","°C","0.24"
"Temperature change","Africa","Standard Deviation","Meteorological year","2018","°C","0.24"
"Temperature change","Africa","Standard Deviation","Meteorological year","2019","°C","0.24"
"Temperature change","Northern America","Temperature change","Meteorological year","1961","°C","0.017"
"Temperature change","Northern America","Temperature change","Meteorological year","1962","°C","-0.058"
"Temperature change","Northern America","Temperature change","Meteorological year","1963","°C","0.372"
"Temperature change","Northern America","Temperature change","Meteorological year","1964","°C","-0.285"
"Temperature change","Northern America","Temperature change","Meteorological year","1965","°C","-0.594"
"Temperature change","Northern America","Temperature change","Meteorological year","1966","°C","-0.185"
"Temperature change","Northern America","Temperature change","Meteorological year","1967","°C","-0.195"
"Temperature change","Northern America","Temperature change","Meteorological year","1968","°C","0.196"
"Temperature change","Northern America","Temperature change","Meteorological year","1969","°C","-0.138"
"Temperature change","Northern America","Temperature change","Meteorological year","1970","°C","0.194"
"Temperature change","Northern America","Temperature change","Meteorological year","1971","°C","-0.227"
"Temperature change","Northern America","Temperature change","Meteorological year","1972","°C","-1.028"
"Temperature change","Northern America","Temperature change","Meteorological year","1973","°C","0.128"
"Temperature change","Northern America","Temperature change","Meteorological year","1974","°C","-0.376"
"Temperature change","Northern America","Temperature change","Meteorological year","1975","°C","-0.093"
"Temperature change","Northern America","Temperature change","Meteorological year","1976","°C","-0.021"
"Temperature change","Northern America","Temperature change","Meteorological year","1977","°C","0.746"
"Temperature change","Northern America","Temperature change","Meteorological year","1978","°C","-0.29"
"Temperature change","Northern America","Temperature change","Meteorological year","1979","°C","-0.243"
"Temperature change","Northern America","Temperature change","Meteorological year","1980","°C","0.675"
"Temperature change","Northern America","Temperature change","Meteorological year","1981","°C","1.193"
"Temperature change","Northern America","Temperature change","Meteorological year","1982","°C","-0.508"
"Temperature change","Northern America","Temperature change","Meteorological year","1983","°C","0.471"
"Temperature change","Northern America","Temperature change","Meteorological year","1984","°C","0.038"
"Temperature change","Northern America","Temperature change","Meteorological year","1985","°C","-0.144"
"Temperature change","Northern America","Temperature change","Meteorological year","1986","°C","0.302"
"Temperature change","Northern America","Temperature change","Meteorological year","1987","°C","1.11"
"Temperature change","Northern America","Temperature change","Meteorological year","1988","°C","0.839"
"Temperature change","Northern America","Temperature change","Meteorological year","1989","°C","0.147"
"Temperature change","Northern America","Temperature change","Meteorological year","1990","°C","0.363"
"Temperature change","Northern America","Temperature change","Meteorological year","1991","°C","0.419"
"Temperature change","Northern America","Temperature change","Meteorological year","1992","°C","0.226"
"Temperature change","Northern America","Temperature change","Meteorological year","1993","°C","0.154"
"Temperature change","Northern America","Temperature change","Meteorological year","1994","°C","0.451"
"Temperature change","Northern America","Temperature change","Meteorological year","1995","°C","0.766"
"Temperature change","Northern America","Temperature change","Meteorological year","1996","°C","-0.055"
"Temperature change","Northern America","Temperature change","Meteorological year","1997","°C","0.403"
"Temperature change","Northern America","Temperature change","Meteorological year","1998","°C","1.864"
"Temperature change","Northern America","Temperature change","Meteorological year","1999","°C","1.219"
"Temperature change","Northern America","Temperature change","Meteorological year","2000","°C","1.141"
"Temperature change","Northern America","Temperature change","Meteorological year","2001","°C","1.102"
"Temperature change","Northern America","Temperature change","Meteorological year","2002","°C","0.757"
"Temperature change","Northern America","Temperature change","Meteorological year","2003","°C","1.147"
"Temperature change","Northern America","Temperature change","Meteorological year","2004","°C","0.696"
"Temperature change","Northern America","Temperature change","Meteorological year","2005","°C","1.235"
"Temperature change","Northern America","Temperature change","Meteorological year","2006","°C","1.692"
"Temperature change","Northern America","Temperature change","Meteorological year","2007","°C","1.237"
"Temperature change","Northern America","Temperature change","Meteorological year","2008","°C","0.537"
"Temperature change","Northern America","Temperature change","Meteorological year","2009","°C","0.473"
"Temperature change","Northern America","Temperature change","Meteorological year","2010","°C","1.826"
"Temperature change","Northern America","Temperature change","Meteorological year","2011","°C","1.002"
"Temperature change","Northern America","Temperature change","Meteorological year","2012","°C","1.786"
"Temperature change","Northern America","Temperature change","Meteorological year","2013","°C","0.902"
"Temperature change","Northern America","Temperature change","Meteorological year","2014","°C","0.389"
"Temperature change","Northern America","Temperature change","Meteorological year","2015","°C","1.33"
"Temperature change","Northern America","Temperature change","Meteorological year","2016","°C","2.273"
"Temperature change","Northern America","Temperature change","Meteorological year","2017","°C","1.426"
"Temperature change","Northern America","Temperature change","Meteorological year","2018","°C","0.873"
"Temperature change","Northern America","Temperature change","Meteorological year","2019","°C","1.179"
"Temperature change","Northern America","Standard Deviation","Meteorological year","1961","°C","0.402"
"Temperature change","Northern America","Standard Deviation","Meteorological year","1962","°C","0.402"
"Temperature change","Northern America","Standard Deviation","Meteorological year","1963","°C","0.402"
"Temperature change","Northern America","Standard Deviation","Meteorological year","1964","°C","0.402"
"Temperature change","Northern America","Standard Deviation","Meteorological year","1965","°C","0.402"
"Temperature change","Northern America","Standard Deviation","Meteorological year","1966","°C","0.402"
"Temperature change","Northern America","Standard Deviation","Meteorological year","1967","°C","0.402"
"Temperature change","Northern America","Standard Deviation","Meteorological year","1968","°C","0.402"
"Temperature change","Northern America","Standard Deviation","Meteorological year","1969","°C","0.402"
"Temperature change","Northern America","Standard Deviation","Meteorological year","1970","°C","0.402"
"Temperature change","Northern America","Standard Deviation","Meteorological year","1971","°C","0.402"
"Temperature change","Northern America","Standard Deviation","Meteorological year","1972","°C","0.402"
"Temperature change","Northern America","Standard Deviation","Meteorological year","1973","°C","0.402"
"Temperature change","Northern America","Standard Deviation","Meteorological year","1974","°C","0.402"
"Temperature change","Northern America","Standard Deviation","Meteorological year","1975","°C","0.402"
"Temperature change","Northern America","Standard Deviation","Meteorological year","1976","°C","0.402"
"Temperature change","Northern America","Standard Deviation","Meteorological year","1977","°C","0.402"
"Temperature change","Northern America","Standard Deviation","Meteorological year","1978","°C","0.402"
"Temperature change","Northern America","Standard Deviation","Meteorological year","1979","°C","0.402"
"Temperature change","Northern America","Standard Deviation","Meteorological year","1980","°C","0.402"
"Temperature change","Northern America","Standard Deviation","Meteorological year","1981","°C","0.402"
"Temperature change","Northern America","Standard Deviation","Meteorological year","1982","°C","0.402"
"Temperature change","Northern America","Standard Deviation","Meteorological year","1983","°C","0.402"
"Temperature change","Northern America","Standard Deviation","Meteorological year","1984","°C","0.402"
"Temperature change","Northern America","Standard Deviation","Meteorological year","1985","°C","0.402"
"Temperature change","Northern America","Standard Deviation","Meteorological year","1986","°C","0.402"
"Temperature change","Northern America","Standard Deviation","Meteorological year","1987","°C","0.402"
"Temperature change","Northern America","Standard Deviation","Meteorological year","1988","°C","0.402"
"Temperature change","Northern America","Standard Deviation","Meteorological year","1989","°C","0.402"
"Temperature change","Northern America","Standard Deviation","Meteorological year","1990","°C","0.402"
"Temperature change","Northern America","Standard Deviation","Meteorological year","1991","°C","0.402"
"Temperature change","Northern America","Standard Deviation","Meteorological year","1992","°C","0.402"
"Temperature change","Northern America","Standard Deviation","Meteorological year","1993","°C","0.402"
"Temperature change","Northern America","Standard Deviation","Meteorological year","1994","°C","0.402"
"Temperature change","Northern America","Standard Deviation","Meteorological year","1995","°C","0.402"
"Temperature change","Northern America","Standard Deviation","Meteorological year","1996","°C","0.402"
"Temperature change","Northern America","Standard Deviation","Meteorological year","1997","°C","0.402"
"Temperature change","Northern America","Standard Deviation","Meteorological year","1998","°C","0.402"
"Temperature change","Northern America","Standard Deviation","Meteorological year","1999","°C","0.402"
"Temperature change","Northern America","Standard Deviation","Meteorological year","2000","°C","0.402"
"Temperature change","Northern America","Standard Deviation","Meteorological year","2001","°C","0.402"
"Temperature change","Northern America","Standard Deviation","Meteorological year","2002","°C","0.402"
"Temperature change","Northern America","Standard Deviation","Meteorological year","2003","°C","0.402"
"Temperature change","Northern America","Standard Deviation","Meteorological year","2004","°C","0.402"
"Temperature change","Northern America","Standard Deviation","Meteorological year","2005","°C","0.402"
"Temperature change","Northern America","Standard Deviation","Meteorological year","2006","°C","0.402"
"Temperature change","Northern America","Standard Deviation","Meteorological year","2007","°C","0.402"
"Temperature change","Northern America","Standard Deviation","Meteorological year","2008","°C","0.402"
"Temperature change","Northern America","Standard Deviation","Meteorological year","2009","°C","0.402"
"Temperature change","Northern America","Standard Deviation","Meteorological year","2010","°C","0.402"
"Temperature change","Northern America","Standard Deviation","Meteorological year","2011","°C","0.402"
"Temperature change","Northern America","Standard Deviation","Meteorological year","2012","°C","0.402"
"Temperature change","Northern America","Standard Deviation","Meteorological year","2013","°C","0.402"
"Temperature change","Northern America","Standard Deviation","Meteorological year","2014","°C","0.402"
"Temperature change","Northern America","Standard Deviation","Meteorological year","2015","°C","0.402"
"Temperature change","Northern America","Standard Deviation","Meteorological year","2016","°C","0.402"
"Temperature change","Northern America","Standard Deviation","Meteorological year","2017","°C","0.402"
"Temperature change","Northern America","Standard Deviation","Meteorological year","2018","°C","0.402"
"Temperature change","Northern America","Standard Deviation","Meteorological year","2019","°C","0.402"
"Temperature change","Central America","Temperature change","Meteorological year","1961","°C","-0.139"
"Temperature change","Central America","Temperature change","Meteorological year","1962","°C","0.114"
"Temperature change","Central America","Temperature change","Meteorological year","1963","°C","0.154"
"Temperature change","Central America","Temperature change","Meteorological year","1964","°C","-0.261"
"Temperature change","Central America","Temperature change","Meteorological year","1965","°C","-0.076"
"Temperature change","Central America","Temperature change","Meteorological year","1966","°C","-0.196"
"Temperature change","Central America","Temperature change","Meteorological year","1967","°C","-0.148"
"Temperature change","Central America","Temperature change","Meteorological year","1968","°C","-0.4"
"Temperature change","Central America","Temperature change","Meteorological year","1969","°C","0.195"
"Temperature change","Central America","Temperature change","Meteorological year","1970","°C","-0.261"
"Temperature change","Central America","Temperature change","Meteorological year","1971","°C","-0.096"
"Temperature change","Central America","Temperature change","Meteorological year","1972","°C","0.296"
"Temperature change","Central America","Temperature change","Meteorological year","1973","°C","-0.044"
"Temperature change","Central America","Temperature change","Meteorological year","1974","°C","-0.127"
"Temperature change","Central America","Temperature change","Meteorological year","1975","°C","-0.245"
"Temperature change","Central America","Temperature change","Meteorological year","1976","°C","-0.405"
"Temperature change","Central America","Temperature change","Meteorological year","1977","°C","0.092"
"Temperature change","Central America","Temperature change","Meteorological year","1978","°C","0.206"
"Temperature change","Central America","Temperature change","Meteorological year","1979","°C","0.042"
"Temperature change","Central America","Temperature change","Meteorological year","1980","°C","0.436"
"Temperature change","Central America","Temperature change","Meteorological year","1981","°C","0.168"
"Temperature change","Central America","Temperature change","Meteorological year","1982","°C","0.583"
"Temperature change","Central America","Temperature change","Meteorological year","1983","°C","0.19"
"Temperature change","Central America","Temperature change","Meteorological year","1984","°C","-0.049"
"Temperature change","Central America","Temperature change","Meteorological year","1985","°C","0.104"
"Temperature change","Central America","Temperature change","Meteorological year","1986","°C","0.268"
"Temperature change","Central America","Temperature change","Meteorological year","1987","°C","-0.014"
"Temperature change","Central America","Temperature change","Meteorological year","1988","°C","0.206"
"Temperature change","Central America","Temperature change","Meteorological year","1989","°C","0.397"
"Temperature change","Central America","Temperature change","Meteorological year","1990","°C","0.272"
"Temperature change","Central America","Temperature change","Meteorological year","1991","°C","0.307"
"Temperature change","Central America","Temperature change","Meteorological year","1992","°C","0.151"
"Temperature change","Central America","Temperature change","Meteorological year","1993","°C","0.334"
"Temperature change","Central America","Temperature change","Meteorological year","1994","°C","0.689"
"Temperature change","Central America","Temperature change","Meteorological year","1995","°C","0.77"
"Temperature change","Central America","Temperature change","Meteorological year","1996","°C","0.459"
"Temperature change","Central America","Temperature change","Meteorological year","1997","°C","0.544"
"Temperature change","Central America","Temperature change","Meteorological year","1998","°C","0.783"
"Temperature change","Central America","Temperature change","Meteorological year","1999","°C","0.544"
"Temperature change","Central America","Temperature change","Meteorological year","2000","°C","0.522"
"Temperature change","Central America","Temperature change","Meteorological year","2001","°C","0.516"
"Temperature change","Central America","Temperature change","Meteorological year","2002","°C","0.689"
"Temperature change","Central America","Temperature change","Meteorological year","2003","°C","0.823"
"Temperature change","Central America","Temperature change","Meteorological year","2004","°C","0.358"
"Temperature change","Central America","Temperature change","Meteorological year","2005","°C","0.761"
"Temperature change","Central America","Temperature change","Meteorological year","2006","°C","0.808"
"Temperature change","Central America","Temperature change","Meteorological year","2007","°C","0.531"
"Temperature change","Central America","Temperature change","Meteorological year","2008","°C","0.522"
"Temperature change","Central America","Temperature change","Meteorological year","2009","°C","1.028"
"Temperature change","Central America","Temperature change","Meteorological year","2010","°C","0.393"
"Temperature change","Central America","Temperature change","Meteorological year","2011","°C","0.935"
"Temperature change","Central America","Temperature change","Meteorological year","2012","°C","0.827"
"Temperature change","Central America","Temperature change","Meteorological year","2013","°C","0.772"
"Temperature change","Central America","Temperature change","Meteorological year","2014","°C","0.824"
"Temperature change","Central America","Temperature change","Meteorological year","2015","°C","1.094"
"Temperature change","Central America","Temperature change","Meteorological year","2016","°C","1.284"
"Temperature change","Central America","Temperature change","Meteorological year","2017","°C","1.425"
"Temperature change","Central America","Temperature change","Meteorological year","2018","°C","1.121"
"Temperature change","Central America","Temperature change","Meteorological year","2019","°C","1.307"
"Temperature change","Central America","Standard Deviation","Meteorological year","1961","°C","0.23"
"Temperature change","Central America","Standard Deviation","Meteorological year","1962","°C","0.23"
"Temperature change","Central America","Standard Deviation","Meteorological year","1963","°C","0.23"
"Temperature change","Central America","Standard Deviation","Meteorological year","1964","°C","0.23"
"Temperature change","Central America","Standard Deviation","Meteorological year","1965","°C","0.23"
"Temperature change","Central America","Standard Deviation","Meteorological year","1966","°C","0.23"
"Temperature change","Central America","Standard Deviation","Meteorological year","1967","°C","0.23"
"Temperature change","Central America","Standard Deviation","Meteorological year","1968","°C","0.23"
"Temperature change","Central America","Standard Deviation","Meteorological year","1969","°C","0.23"
"Temperature change","Central America","Standard Deviation","Meteorological year","1970","°C","0.23"
"Temperature change","Central America","Standard Deviation","Meteorological year","1971","°C","0.23"
"Temperature change","Central America","Standard Deviation","Meteorological year","1972","°C","0.23"
"Temperature change","Central America","Standard Deviation","Meteorological year","1973","°C","0.23"
"Temperature change","Central America","Standard Deviation","Meteorological year","1974","°C","0.23"
"Temperature change","Central America","Standard Deviation","Meteorological year","1975","°C","0.23"
"Temperature change","Central America","Standard Deviation","Meteorological year","1976","°C","0.23"
"Temperature change","Central America","Standard Deviation","Meteorological year","1977","°C","0.23"
"Temperature change","Central America","Standard Deviation","Meteorological year","1978","°C","0.23"
"Temperature change","Central America","Standard Deviation","Meteorological year","1979","°C","0.23"
"Temperature change","Central America","Standard Deviation","Meteorological year","1980","°C","0.23"
"Temperature change","Central America","Standard Deviation","Meteorological year","1981","°C","0.23"
"Temperature change","Central America","Standard Deviation","Meteorological year","1982","°C","0.23"
"Temperature change","Central America","Standard Deviation","Meteorological year","1983","°C","0.23"
"Temperature change","Central America","Standard Deviation","Meteorological year","1984","°C","0.23"
"Temperature change","Central America","Standard Deviation","Meteorological year","1985","°C","0.23"
"Temperature change","Central America","Standard Deviation","Meteorological year","1986","°C","0.23"
"Temperature change","Central America","Standard Deviation","Meteorological year","1987","°C","0.23"
"Temperature change","Central America","Standard Deviation","Meteorological year","1988","°C","0.23"
"Temperature change","Central America","Standard Deviation","Meteorological year","1989","°C","0.23"
"Temperature change","Central America","Standard Deviation","Meteorological year","1990","°C","0.23"
"Temperature change","Central America","Standard Deviation","Meteorological year","1991","°C","0.23"
"Temperature change","Central America","Standard Deviation","Meteorological year","1992","°C","0.23"
"Temperature change","Central America","Standard Deviation","Meteorological year","1993","°C","0.23"
"Temperature change","Central America","Standard Deviation","Meteorological year","1994","°C","0.23"
"Temperature change","Central America","Standard Deviation","Meteorological year","1995","°C","0.23"
"Temperature change","Central America","Standard Deviation","Meteorological year","1996","°C","0.23"
"Temperature change","Central America","Standard Deviation","Meteorological year","1997","°C","0.23"
"Temperature change","Central America","Standard Deviation","Meteorological year","1998","°C","0.23"
"Temperature change","Central America","Standard Deviation","Meteorological year","1999","°C","0.23"
"Temperature change","Central America","Standard Deviation","Meteorological year","2000","°C","0.23"
"Temperature change","Central America","Standard Deviation","Meteorological year","2001","°C","0.23"
"Temperature change","Central America","Standard Deviation","Meteorological year","2002","°C","0.23"
"Temperature change","Central America","Standard Deviation","Meteorological year","2003","°C","0.23"
"Temperature change","Central America","Standard Deviation","Meteorological year","2004","°C","0.23"
"Temperature change","Central America","Standard Deviation","Meteorological year","2005","°C","0.23"
"Temperature change","Central America","Standard Deviation","Meteorological year","2006","°C","0.23"
"Temperature change","Central America","Standard Deviation","Meteorological year","2007","°C","0.23"
"Temperature change","Central America","Standard Deviation","Meteorological year","2008","°C","0.23"
"Temperature change","Central America","Standard Deviation","Meteorological year","2009","°C","0.23"
"Temperature change","Central America","Standard Deviation","Meteorological year","2010","°C","0.23"
"Temperature change","Central America","Standard Deviation","Meteorological year","2011","°C","0.23"
"Temperature change","Central America","Standard Deviation","Meteorological year","2012","°C","0.23"
"Temperature change","Central America","Standard Deviation","Meteorological year","2013","°C","0.23"
"Temperature change","Central America","Standard Deviation","Meteorological year","2014","°C","0.23"
"Temperature change","Central America","Standard Deviation","Meteorological year","2015","°C","0.23"
"Temperature change","Central America","Standard Deviation","Meteorological year","2016","°C","0.23"
"Temperature change","Central America","Standard Deviation","Meteorological year","2017","°C","0.23"
"Temperature change","Central America","Standard Deviation","Meteorological year","2018","°C","0.23"
"Temperature change","Central America","Standard Deviation","Meteorological year","2019","°C","0.23"
"Temperature change","South America","Temperature change","Meteorological year","1961","°C","0.116"
"Temperature change","South America","Temperature change","Meteorological year","1962","°C","-0.139"
"Temperature change","South America","Temperature change","Meteorological year","1963","°C","0.139"
"Temperature change","South America","Temperature change","Meteorological year","1964","°C","-0.217"
"Temperature change","South America","Temperature change","Meteorological year","1965","°C","-0.015"
"Temperature change","South America","Temperature change","Meteorological year","1966","°C","0.007"
"Temperature change","South America","Temperature change","Meteorological year","1967","°C","-0.001"
"Temperature change","South America","Temperature change","Meteorological year","1968","°C","-0.147"
"Temperature change","South America","Temperature change","Meteorological year","1969","°C","0.374"
"Temperature change","South America","Temperature change","Meteorological year","1970","°C","0.184"
"Temperature change","South America","Temperature change","Meteorological year","1971","°C","-0.277"
"Temperature change","South America","Temperature change","Meteorological year","1972","°C","0.085"
"Temperature change","South America","Temperature change","Meteorological year","1973","°C","0.251"
"Temperature change","South America","Temperature change","Meteorological year","1974","°C","-0.209"
"Temperature change","South America","Temperature change","Meteorological year","1975","°C","-0.149"
"Temperature change","South America","Temperature change","Meteorological year","1976","°C","-0.217"
"Temperature change","South America","Temperature change","Meteorological year","1977","°C","0.285"
"Temperature change","South America","Temperature change","Meteorological year","1978","°C","0.148"
"Temperature change","South America","Temperature change","Meteorological year","1979","°C","0.125"
"Temperature change","South America","Temperature change","Meteorological year","1980","°C","0.335"
"Temperature change","South America","Temperature change","Meteorological year","1981","°C","0.228"
"Temperature change","South America","Temperature change","Meteorological year","1982","°C","0.289"
"Temperature change","South America","Temperature change","Meteorological year","1983","°C","0.476"
"Temperature change","South America","Temperature change","Meteorological year","1984","°C","0.144"
"Temperature change","South America","Temperature change","Meteorological year","1985","°C","0.14"
"Temperature change","South America","Temperature change","Meteorological year","1986","°C","0.296"
"Temperature change","South America","Temperature change","Meteorological year","1987","°C","0.649"
"Temperature change","South America","Temperature change","Meteorological year","1988","°C","0.3"
"Temperature change","South America","Temperature change","Meteorological year","1989","°C","0.203"
"Temperature change","South America","Temperature change","Meteorological year","1990","°C","0.389"
"Temperature change","South America","Temperature change","Meteorological year","1991","°C","0.408"
"Temperature change","South America","Temperature change","Meteorological year","1992","°C","0.299"
"Temperature change","South America","Temperature change","Meteorological year","1993","°C","0.396"
"Temperature change","South America","Temperature change","Meteorological year","1994","°C","0.536"
"Temperature change","South America","Temperature change","Meteorological year","1995","°C","0.642"
"Temperature change","South America","Temperature change","Meteorological year","1996","°C","0.418"
"Temperature change","South America","Temperature change","Meteorological year","1997","°C","0.744"
"Temperature change","South America","Temperature change","Meteorological year","1998","°C","1.017"
"Temperature change","South America","Temperature change","Meteorological year","1999","°C","0.387"
"Temperature change","South America","Temperature change","Meteorological year","2000","°C","0.312"
"Temperature change","South America","Temperature change","Meteorological year","2001","°C","0.623"
"Temperature change","South America","Temperature change","Meteorological year","2002","°C","0.837"
"Temperature change","South America","Temperature change","Meteorological year","2003","°C","0.856"
"Temperature change","South America","Temperature change","Meteorological year","2004","°C","0.738"
"Temperature change","South America","Temperature change","Meteorological year","2005","°C","0.883"
"Temperature change","South America","Temperature change","Meteorological year","2006","°C","0.786"
"Temperature change","South America","Temperature change","Meteorological year","2007","°C","0.666"
"Temperature change","South America","Temperature change","Meteorological year","2008","°C","0.666"
"Temperature change","South America","Temperature change","Meteorological year","2009","°C","0.933"
"Temperature change","South America","Temperature change","Meteorological year","2010","°C","0.906"
"Temperature change","South America","Temperature change","Meteorological year","2011","°C","0.721"
"Temperature change","South America","Temperature change","Meteorological year","2012","°C","0.943"
"Temperature change","South America","Temperature change","Meteorological year","2013","°C","0.834"
"Temperature change","South America","Temperature change","Meteorological year","2014","°C","1.105"
"Temperature change","South America","Temperature change","Meteorological year","2015","°C","1.435"
"Temperature change","South America","Temperature change","Meteorological year","2016","°C","1.242"
"Temperature change","South America","Temperature change","Meteorological year","2017","°C","1.232"
"Temperature change","South America","Temperature change","Meteorological year","2018","°C","1.034"
"Temperature change","South America","Temperature change","Meteorological year","2019","°C","1.31"
"Temperature change","South America","Standard Deviation","Meteorological year","1961","°C","0.2"
"Temperature change","South America","Standard Deviation","Meteorological year","1962","°C","0.2"
"Temperature change","South America","Standard Deviation","Meteorological year","1963","°C","0.2"
"Temperature change","South America","Standard Deviation","Meteorological year","1964","°C","0.2"
"Temperature change","South America","Standard Deviation","Meteorological year","1965","°C","0.2"
"Temperature change","South America","Standard Deviation","Meteorological year","1966","°C","0.2"
"Temperature change","South America","Standard Deviation","Meteorological year","1967","°C","0.2"
"Temperature change","South America","Standard Deviation","Meteorological year","1968","°C","0.2"
"Temperature change","South America","Standard Deviation","Meteorological year","1969","°C","0.2"
"Temperature change","South America","Standard Deviation","Meteorological year","1970","°C","0.2"
"Temperature change","South America","Standard Deviation","Meteorological year","1971","°C","0.2"
"Temperature change","South America","Standard Deviation","Meteorological year","1972","°C","0.2"
"Temperature change","South America","Standard Deviation","Meteorological year","1973","°C","0.2"
"Temperature change","South America","Standard Deviation","Meteorological year","1974","°C","0.2"
"Temperature change","South America","Standard Deviation","Meteorological year","1975","°C","0.2"
"Temperature change","South America","Standard Deviation","Meteorological year","1976","°C","0.2"
"Temperature change","South America","Standard Deviation","Meteorological year","1977","°C","0.2"
"Temperature change","South America","Standard Deviation","Meteorological year","1978","°C","0.2"
"Temperature change","South America","Standard Deviation","Meteorological year","1979","°C","0.2"
"Temperature change","South America","Standard Deviation","Meteorological year","1980","°C","0.2"
"Temperature change","South America","Standard Deviation","Meteorological year","1981","°C","0.2"
"Temperature change","South America","Standard Deviation","Meteorological year","1982","°C","0.2"
"Temperature change","South America","Standard Deviation","Meteorological year","1983","°C","0.2"
"Temperature change","South America","Standard Deviation","Meteorological year","1984","°C","0.2"
"Temperature change","South America","Standard Deviation","Meteorological year","1985","°C","0.2"
"Temperature change","South America","Standard Deviation","Meteorological year","1986","°C","0.2"
"Temperature change","South America","Standard Deviation","Meteorological year","1987","°C","0.2"
"Temperature change","South America","Standard Deviation","Meteorological year","1988","°C","0.2"
"Temperature change","South America","Standard Deviation","Meteorological year","1989","°C","0.2"
"Temperature change","South America","Standard Deviation","Meteorological year","1990","°C","0.2"
"Temperature change","South America","Standard Deviation","Meteorological year","1991","°C","0.2"
"Temperature change","South America","Standard Deviation","Meteorological year","1992","°C","0.2"
"Temperature change","South America","Standard Deviation","Meteorological year","1993","°C","0.2"
"Temperature change","South America","Standard Deviation","Meteorological year","1994","°C","0.2"
"Temperature change","South America","Standard Deviation","Meteorological year","1995","°C","0.2"
"Temperature change","South America","Standard Deviation","Meteorological year","1996","°C","0.2"
"Temperature change","South America","Standard Deviation","Meteorological year","1997","°C","0.2"
"Temperature change","South America","Standard Deviation","Meteorological year","1998","°C","0.2"
"Temperature change","South America","Standard Deviation","Meteorological year","1999","°C","0.2"
"Temperature change","South America","Standard Deviation","Meteorological year","2000","°C","0.2"
"Temperature change","South America","Standard Deviation","Meteorological year","2001","°C","0.2"
"Temperature change","South America","Standard Deviation","Meteorological year","2002","°C","0.2"
"Temperature change","South America","Standard Deviation","Meteorological year","2003","°C","0.2"
"Temperature change","South America","Standard Deviation","Meteorological year","2004","°C","0.2"
"Temperature change","South America","Standard Deviation","Meteorological year","2005","°C","0.2"
"Temperature change","South America","Standard Deviation","Meteorological year","2006","°C","0.2"
"Temperature change","South America","Standard Deviation","Meteorological year","2007","°C","0.2"
"Temperature change","South America","Standard Deviation","Meteorological year","2008","°C","0.2"
"Temperature change","South America","Standard Deviation","Meteorological year","2009","°C","0.2"
"Temperature change","South America","Standard Deviation","Meteorological year","2010","°C","0.2"
"Temperature change","South America","Standard Deviation","Meteorological year","2011","°C","0.2"
"Temperature change","South America","Standard Deviation","Meteorological year","2012","°C","0.2"
"Temperature change","South America","Standard Deviation","Meteorological year","2013","°C","0.2"
"Temperature change","South America","Standard Deviation","Meteorological year","2014","°C","0.2"
"Temperature change","South America","Standard Deviation","Meteorological year","2015","°C","0.2"
"Temperature change","South America","Standard Deviation","Meteorological year","2016","°C","0.2"
"Temperature change","South America","Standard Deviation","Meteorological year","2017","°C","0.2"
"Temperature change","South America","Standard Deviation","Meteorological year","2018","°C","0.2"
"Temperature change","South America","Standard Deviation","Meteorological year","2019","°C","0.2"
"Temperature change","Asia","Temperature change","Meteorological year","1961","°C","0.049"
"Temperature change","Asia","Temperature change","Meteorological year","1962","°C","-0.008"
"Temperature change","Asia","Temperature change","Meteorological year","1963","°C","0.266"
"Temperature change","Asia","Temperature change","Meteorological year","1964","°C","-0.166"
"Temperature change","Asia","Temperature change","Meteorological year","1965","°C","-0.033"
"Temperature change","Asia","Temperature change","Meteorological year","1966","°C","0.326"
"Temperature change","Asia","Temperature change","Meteorological year","1967","°C","-0.308"
"Temperature change","Asia","Temperature change","Meteorological year","1968","°C","-0.337"
"Temperature change","Asia","Temperature change","Meteorological year","1969","°C","-0.017"
"Temperature change","Asia","Temperature change","Meteorological year","1970","°C","0.073"
"Temperature change","Asia","Temperature change","Meteorological year","1971","°C","-0.122"
"Temperature change","Asia","Temperature change","Meteorological year","1972","°C","-0.164"
"Temperature change","Asia","Temperature change","Meteorological year","1973","°C","0.251"
"Temperature change","Asia","Temperature change","Meteorological year","1974","°C","-0.132"
"Temperature change","Asia","Temperature change","Meteorological year","1975","°C","0.018"
"Temperature change","Asia","Temperature change","Meteorological year","1976","°C","-0.328"
"Temperature change","Asia","Temperature change","Meteorological year","1977","°C","0.101"
"Temperature change","Asia","Temperature change","Meteorological year","1978","°C","0.162"
"Temperature change","Asia","Temperature change","Meteorological year","1979","°C","0.448"
"Temperature change","Asia","Temperature change","Meteorological year","1980","°C","0.28"
"Temperature change","Asia","Temperature change","Meteorological year","1981","°C","0.207"
"Temperature change","Asia","Temperature change","Meteorological year","1982","°C","0.109"
"Temperature change","Asia","Temperature change","Meteorological year","1983","°C","-0.013"
"Temperature change","Asia","Temperature change","Meteorological year","1984","°C","-0.118"
"Temperature change","Asia","Temperature change","Meteorological year","1985","°C","0.016"
"Temperature change","Asia","Temperature change","Meteorological year","1986","°C","0.056"
"Temperature change","Asia","Temperature change","Meteorological year","1987","°C","0.406"
"Temperature change","Asia","Temperature change","Meteorological year","1988","°C","0.423"
"Temperature change","Asia","Temperature change","Meteorological year","1989","°C","0.259"
"Temperature change","Asia","Temperature change","Meteorological year","1990","°C","0.527"
"Temperature change","Asia","Temperature change","Meteorological year","1991","°C","0.39"
"Temperature change","Asia","Temperature change","Meteorological year","1992","°C","-0.059"
"Temperature change","Asia","Temperature change","Meteorological year","1993","°C","0.073"
"Temperature change","Asia","Temperature change","Meteorological year","1994","°C","0.522"
"Temperature change","Asia","Temperature change","Meteorological year","1995","°C","0.616"
"Temperature change","Asia","Temperature change","Meteorological year","1996","°C","0.173"
"Temperature change","Asia","Temperature change","Meteorological year","1997","°C","0.614"
"Temperature change","Asia","Temperature change","Meteorological year","1998","°C","1.047"
"Temperature change","Asia","Temperature change","Meteorological year","1999","°C","1.091"
"Temperature change","Asia","Temperature change","Meteorological year","2000","°C","0.68"
"Temperature change","Asia","Temperature change","Meteorological year","2001","°C","1.019"
"Temperature change","Asia","Temperature change","Meteorological year","2002","°C","1.16"
"Temperature change","Asia","Temperature change","Meteorological year","2003","°C","0.644"
"Temperature change","Asia","Temperature change","Meteorological year","2004","°C","1.088"
"Temperature change","Asia","Temperature change","Meteorological year","2005","°C","0.862"
"Temperature change","Asia","Temperature change","Meteorological year","2006","°C","1.101"
"Temperature change","Asia","Temperature change","Meteorological year","2007","°C","1.182"
"Temperature change","Asia","Temperature change","Meteorological year","2008","°C","0.873"
"Temperature change","Asia","Temperature change","Meteorological year","2009","°C","1.075"
"Temperature change","Asia","Temperature change","Meteorological year","2010","°C","1.251"
"Temperature change","Asia","Temperature change","Meteorological year","2011","°C","0.701"
"Temperature change","Asia","Temperature change","Meteorological year","2012","°C","0.693"
"Temperature change","Asia","Temperature change","Meteorological year","2013","°C","1.054"
"Temperature change","Asia","Temperature change","Meteorological year","2014","°C","0.909"
"Temperature change","Asia","Temperature change","Meteorological year","2015","°C","1.284"
"Temperature change","Asia","Temperature change","Meteorological year","2016","°C","1.457"
"Temperature change","Asia","Temperature change","Meteorological year","2017","°C","1.464"
"Temperature change","Asia","Temperature change","Meteorological year","2018","°C","1.343"
"Temperature change","Asia","Temperature change","Meteorological year","2019","°C","1.369"
"Temperature change","Asia","Standard Deviation","Meteorological year","1961","°C","0.225"
"Temperature change","Asia","Standard Deviation","Meteorological year","1962","°C","0.225"
"Temperature change","Asia","Standard Deviation","Meteorological year","1963","°C","0.225"
"Temperature change","Asia","Standard Deviation","Meteorological year","1964","°C","0.225"
"Temperature change","Asia","Standard Deviation","Meteorological year","1965","°C","0.225"
"Temperature change","Asia","Standard Deviation","Meteorological year","1966","°C","0.225"
"Temperature change","Asia","Standard Deviation","Meteorological year","1967","°C","0.225"
"Temperature change","Asia","Standard Deviation","Meteorological year","1968","°C","0.225"
"Temperature change","Asia","Standard Deviation","Meteorological year","1969","°C","0.225"
"Temperature change","Asia","Standard Deviation","Meteorological year","1970","°C","0.225"
"Temperature change","Asia","Standard Deviation","Meteorological year","1971","°C","0.225"
"Temperature change","Asia","Standard Deviation","Meteorological year","1972","°C","0.225"
"Temperature change","Asia","Standard Deviation","Meteorological year","1973","°C","0.225"
"Temperature change","Asia","Standard Deviation","Meteorological year","1974","°C","0.225"
"Temperature change","Asia","Standard Deviation","Meteorological year","1975","°C","0.225"
"Temperature change","Asia","Standard Deviation","Meteorological year","1976","°C","0.225"
"Temperature change","Asia","Standard Deviation","Meteorological year","1977","°C","0.225"
"Temperature change","Asia","Standard Deviation","Meteorological year","1978","°C","0.225"
"Temperature change","Asia","Standard Deviation","Meteorological year","1979","°C","0.225"
"Temperature change","Asia","Standard Deviation","Meteorological year","1980","°C","0.225"
"Temperature change","Asia","Standard Deviation","Meteorological year","1981","°C","0.225"
"Temperature change","Asia","Standard Deviation","Meteorological year","1982","°C","0.225"
"Temperature change","Asia","Standard Deviation","Meteorological year","1983","°C","0.225"
"Temperature change","Asia","Standard Deviation","Meteorological year","1984","°C","0.225"
"Temperature change","Asia","Standard Deviation","Meteorological year","1985","°C","0.225"
"Temperature change","Asia","Standard Deviation","Meteorological year","1986","°C","0.225"
"Temperature change","Asia","Standard Deviation","Meteorological year","1987","°C","0.225"
"Temperature change","Asia","Standard Deviation","Meteorological year","1988","°C","0.225"
"Temperature change","Asia","Standard Deviation","Meteorological year","1989","°C","0.225"
"Temperature change","Asia","Standard Deviation","Meteorological year","1990","°C","0.225"
"Temperature change","Asia","Standard Deviation","Meteorological year","1991","°C","0.225"
"Temperature change","Asia","Standard Deviation","Meteorological year","1992","°C","0.225"
"Temperature change","Asia","Standard Deviation","Meteorological year","1993","°C","0.225"
"Temperature change","Asia","Standard Deviation","Meteorological year","1994","°C","0.225"
"Temperature change","Asia","Standard Deviation","Meteorological year","1995","°C","0.225"
"Temperature change","Asia","Standard Deviation","Meteorological year","1996","°C","0.225"
"Temperature change","Asia","Standard Deviation","Meteorological year","1997","°C","0.225"
"Temperature change","Asia","Standard Deviation","Meteorological year","1998","°C","0.225"
"Temperature change","Asia","Standard Deviation","Meteorological year","1999","°C","0.225"
"Temperature change","Asia","Standard Deviation","Meteorological year","2000","°C","0.225"
"Temperature change","Asia","Standard Deviation","Meteorological year","2001","°C","0.225"
"Temperature change","Asia","Standard Deviation","Meteorological year","2002","°C","0.225"
"Temperature change","Asia","Standard Deviation","Meteorological year","2003","°C","0.225"
"Temperature change","Asia","Standard Deviation","Meteorological year","2004","°C","0.225"
"Temperature change","Asia","Standard Deviation","Meteorological year","2005","°C","0.225"
"Temperature change","Asia","Standard Deviation","Meteorological year","2006","°C","0.225"
"Temperature change","Asia","Standard Deviation","Meteorological year","2007","°C","0.225"
"Temperature change","Asia","Standard Deviation","Meteorological year","2008","°C","0.225"
"Temperature change","Asia","Standard Deviation","Meteorological year","2009","°C","0.225"
"Temperature change","Asia","Standard Deviation","Meteorological year","2010","°C","0.225"
"Temperature change","Asia","Standard Deviation","Meteorological year","2011","°C","0.225"
"Temperature change","Asia","Standard Deviation","Meteorological year","2012","°C","0.225"
"Temperature change","Asia","Standard Deviation","Meteorological year","2013","°C","0.225"
"Temperature change","Asia","Standard Deviation","Meteorological year","2014","°C","0.225"
"Temperature change","Asia","Standard Deviation","Meteorological year","2015","°C","0.225"
"Temperature change","Asia","Standard Deviation","Meteorological year","2016","°C","0.225"
"Temperature change","Asia","Standard Deviation","Meteorological year","2017","°C","0.225"
"Temperature change","Asia","Standard Deviation","Meteorological year","2018","°C","0.225"
"Temperature change","Asia","Standard Deviation","Meteorological year","2019","°C","0.225"
"Temperature change","Europe","Temperature change","Meteorological year","1961","°C","0.874"
"Temperature change","Europe","Temperature change","Meteorological year","1962","°C","0.3"
"Temperature change","Europe","Temperature change","Meteorological year","1963","°C","0.103"
"Temperature change","Europe","Temperature change","Meteorological year","1964","°C","-0.523"
"Temperature change","Europe","Temperature change","Meteorological year","1965","°C","-0.43"
"Temperature change","Europe","Temperature change","Meteorological year","1966","°C","0.724"
"Temperature change","Europe","Temperature change","Meteorological year","1967","°C","0.174"
"Temperature change","Europe","Temperature change","Meteorological year","1968","°C","0.048"
"Temperature change","Europe","Temperature change","Meteorological year","1969","°C","-1.01"
"Temperature change","Europe","Temperature change","Meteorological year","1970","°C","0.189"
"Temperature change","Europe","Temperature change","Meteorological year","1971","°C","0.264"
"Temperature change","Europe","Temperature change","Meteorological year","1972","°C","-0.148"
"Temperature change","Europe","Temperature change","Meteorological year","1973","°C","0.173"
"Temperature change","Europe","Temperature change","Meteorological year","1974","°C","0.02"
"Temperature change","Europe","Temperature change","Meteorological year","1975","°C","0.838"
"Temperature change","Europe","Temperature change","Meteorological year","1976","°C","-0.559"
"Temperature change","Europe","Temperature change","Meteorological year","1977","°C","0.189"
"Temperature change","Europe","Temperature change","Meteorological year","1978","°C","-0.166"
"Temperature change","Europe","Temperature change","Meteorological year","1979","°C","0.138"
"Temperature change","Europe","Temperature change","Meteorological year","1980","°C","-0.068"
"Temperature change","Europe","Temperature change","Meteorological year","1981","°C","0.662"
"Temperature change","Europe","Temperature change","Meteorological year","1982","°C","0.111"
"Temperature change","Europe","Temperature change","Meteorological year","1983","°C","0.934"
"Temperature change","Europe","Temperature change","Meteorological year","1984","°C","0.271"
"Temperature change","Europe","Temperature change","Meteorological year","1985","°C","-0.605"
"Temperature change","Europe","Temperature change","Meteorological year","1986","°C","0.259"
"Temperature change","Europe","Temperature change","Meteorological year","1987","°C","-0.562"
"Temperature change","Europe","Temperature change","Meteorological year","1988","°C","0.494"
"Temperature change","Europe","Temperature change","Meteorological year","1989","°C","1.035"
"Temperature change","Europe","Temperature change","Meteorological year","1990","°C","1.257"
"Temperature change","Europe","Temperature change","Meteorological year","1991","°C","0.597"
"Temperature change","Europe","Temperature change","Meteorological year","1992","°C","0.472"
"Temperature change","Europe","Temperature change","Meteorological year","1993","°C","0.75"
"Temperature change","Europe","Temperature change","Meteorological year","1994","°C","0.698"
"Temperature change","Europe","Temperature change","Meteorological year","1995","°C","1.83"
"Temperature change","Europe","Temperature change","Meteorological year","1996","°C","0.57"
"Temperature change","Europe","Temperature change","Meteorological year","1997","°C","1.096"
"Temperature change","Europe","Temperature change","Meteorological year","1998","°C","0.187"
"Temperature change","Europe","Temperature change","Meteorological year","1999","°C","0.588"
"Temperature change","Europe","Temperature change","Meteorological year","2000","°C","1.342"
"Temperature change","Europe","Temperature change","Meteorological year","2001","°C","0.953"
"Temperature change","Europe","Temperature change","Meteorological year","2002","°C","1.505"
"Temperature change","Europe","Temperature change","Meteorological year","2003","°C","0.972"
"Temperature change","Europe","Temperature change","Meteorological year","2004","°C","1.282"
"Temperature change","Europe","Temperature change","Meteorological year","2005","°C","1.537"
"Temperature change","Europe","Temperature change","Meteorological year","2006","°C","0.678"
"Temperature change","Europe","Temperature change","Meteorological year","2007","°C","2.31"
"Temperature change","Europe","Temperature change","Meteorological year","2008","°C","2.024"
"Temperature change","Europe","Temperature change","Meteorological year","2009","°C","1.239"
"Temperature change","Europe","Temperature change","Meteorological year","2010","°C","0.817"
"Temperature change","Europe","Temperature change","Meteorological year","2011","°C","1.548"
"Temperature change","Europe","Temperature change","Meteorological year","2012","°C","1.789"
"Temperature change","Europe","Temperature change","Meteorological year","2013","°C","1.118"
"Temperature change","Europe","Temperature change","Meteorological year","2014","°C","1.807"
"Temperature change","Europe","Temperature change","Meteorological year","2015","°C","2.106"
"Temperature change","Europe","Temperature change","Meteorological year","2016","°C","2.286"
"Temperature change","Europe","Temperature change","Meteorological year","2017","°C","1.959"
"Temperature change","Europe","Temperature change","Meteorological year","2018","°C","2.009"
"Temperature change","Europe","Temperature change","Meteorological year","2019","°C","2.116"
"Temperature change","Europe","Standard Deviation","Meteorological year","1961","°C","0.464"
"Temperature change","Europe","Standard Deviation","Meteorological year","1962","°C","0.464"
"Temperature change","Europe","Standard Deviation","Meteorological year","1963","°C","0.464"
"Temperature change","Europe","Standard Deviation","Meteorological year","1964","°C","0.464"
"Temperature change","Europe","Standard Deviation","Meteorological year","1965","°C","0.464"
"Temperature change","Europe","Standard Deviation","Meteorological year","1966","°C","0.464"
"Temperature change","Europe","Standard Deviation","Meteorological year","1967","°C","0.464"
"Temperature change","Europe","Standard Deviation","Meteorological year","1968","°C","0.464"
"Temperature change","Europe","Standard Deviation","Meteorological year","1969","°C","0.464"
"Temperature change","Europe","Standard Deviation","Meteorological year","1970","°C","0.464"
"Temperature change","Europe","Standard Deviation","Meteorological year","1971","°C","0.464"
"Temperature change","Europe","Standard Deviation","Meteorological year","1972","°C","0.464"
"Temperature change","Europe","Standard Deviation","Meteorological year","1973","°C","0.464"
"Temperature change","Europe","Standard Deviation","Meteorological year","1974","°C","0.464"
"Temperature change","Europe","Standard Deviation","Meteorological year","1975","°C","0.464"
"Temperature change","Europe","Standard Deviation","Meteorological year","1976","°C","0.464"
"Temperature change","Europe","Standard Deviation","Meteorological year","1977","°C","0.464"
"Temperature change","Europe","Standard Deviation","Meteorological year","1978","°C","0.464"
"Temperature change","Europe","Standard Deviation","Meteorological year","1979","°C","0.464"
"Temperature change","Europe","Standard Deviation","Meteorological year","1980","°C","0.464"
"Temperature change","Europe","Standard Deviation","Meteorological year","1981","°C","0.464"
"Temperature change","Europe","Standard Deviation","Meteorological year","1982","°C","0.464"
"Temperature change","Europe","Standard Deviation","Meteorological year","1983","°C","0.464"
"Temperature change","Europe","Standard Deviation","Meteorological year","1984","°C","0.464"
"Temperature change","Europe","Standard Deviation","Meteorological year","1985","°C","0.464"
"Temperature change","Europe","Standard Deviation","Meteorological year","1986","°C","0.464"
"Temperature change","Europe","Standard Deviation","Meteorological year","1987","°C","0.464"
"Temperature change","Europe","Standard Deviation","Meteorological year","1988","°C","0.464"
"Temperature change","Europe","Standard Deviation","Meteorological year","1989","°C","0.464"
"Temperature change","Europe","Standard Deviation","Meteorological year","1990","°C","0.464"
"Temperature change","Europe","Standard Deviation","Meteorological year","1991","°C","0.464"
"Temperature change","Europe","Standard Deviation","Meteorological year","1992","°C","0.464"
"Temperature change","Europe","Standard Deviation","Meteorological year","1993","°C","0.464"
"Temperature change","Europe","Standard Deviation","Meteorological year","1994","°C","0.464"
"Temperature change","Europe","Standard Deviation","Meteorological year","1995","°C","0.464"
"Temperature change","Europe","Standard Deviation","Meteorological year","1996","°C","0.464"
"Temperature change","Europe","Standard Deviation","Meteorological year","1997","°C","0.464"
"Temperature change","Europe","Standard Deviation","Meteorological year","1998","°C","0.464"
"Temperature change","Europe","Standard Deviation","Meteorological year","1999","°C","0.464"
"Temperature change","Europe","Standard Deviation","Meteorological year","2000","°C","0.464"
"Temperature change","Europe","Standard Deviation","Meteorological year","2001","°C","0.464"
"Temperature change","Europe","Standard Deviation","Meteorological year","2002","°C","0.464"
"Temperature change","Europe","Standard Deviation","Meteorological year","2003","°C","0.464"
"Temperature change","Europe","Standard Deviation","Meteorological year","2004","°C","0.464"
"Temperature change","Europe","Standard Deviation","Meteorological year","2005","°C","0.464"
"Temperature change","Europe","Standard Deviation","Meteorological year","2006","°C","0.464"
"Temperature change","Europe","Standard Deviation","Meteorological year","2007","°C","0.464"
"Temperature change","Europe","Standard Deviation","Meteorological year","2008","°C","0.464"
"Temperature change","Europe","Standard Deviation","Meteorological year","2009","°C","0.464"
"Temperature change","Europe","Standard Deviation","Meteorological year","2010","°C","0.464"
"Temperature change","Europe","Standard Deviation","Meteorological year","2011","°C","0.464"
"Temperature change","Europe","Standard Deviation","Meteorological year","2012","°C","0.464"
"Temperature change","Europe","Standard Deviation","Meteorological year","2013","°C","0.464"
"Temperature change","Europe","Standard Deviation","Meteorological year","2014","°C","0.464"
"Temperature change","Europe","Standard Deviation","Meteorological year","2015","°C","0.464"
"Temperature change","Europe","Standard Deviation","Meteorological year","2016","°C","0.464"
"Temperature change","Europe","Standard Deviation","Meteorological year","2017","°C","0.464"
"Temperature change","Europe","Standard Deviation","Meteorological year","2018","°C","0.464"
"Temperature change","Europe","Standard Deviation","Meteorological year","2019","°C","0.464"
"Temperature change","Oceania","Temperature change","Meteorological year","1961","°C","0.116"
"Temperature change","Oceania","Temperature change","Meteorological year","1962","°C","0.14"
"Temperature change","Oceania","Temperature change","Meteorological year","1963","°C","-0.118"
"Temperature change","Oceania","Temperature change","Meteorological year","1964","°C","-0.03"
"Temperature change","Oceania","Temperature change","Meteorological year","1965","°C","0.067"
"Temperature change","Oceania","Temperature change","Meteorological year","1966","°C","-0.231"
"Temperature change","Oceania","Temperature change","Meteorological year","1967","°C","-0.104"
"Temperature change","Oceania","Temperature change","Meteorological year","1968","°C","-0.195"
"Temperature change","Oceania","Temperature change","Meteorological year","1969","°C","0.096"
"Temperature change","Oceania","Temperature change","Meteorological year","1970","°C","0.032"
"Temperature change","Oceania","Temperature change","Meteorological year","1971","°C","-0.016"
"Temperature change","Oceania","Temperature change","Meteorological year","1972","°C","0.072"
"Temperature change","Oceania","Temperature change","Meteorological year","1973","°C","0.795"
"Temperature change","Oceania","Temperature change","Meteorological year","1974","°C","-0.297"
"Temperature change","Oceania","Temperature change","Meteorological year","1975","°C","0.077"
"Temperature change","Oceania","Temperature change","Meteorological year","1976","°C","-0.484"
"Temperature change","Oceania","Temperature change","Meteorological year","1977","°C","0.156"
"Temperature change","Oceania","Temperature change","Meteorological year","1978","°C","0.095"
"Temperature change","Oceania","Temperature change","Meteorological year","1979","°C","0.351"
"Temperature change","Oceania","Temperature change","Meteorological year","1980","°C","0.792"
"Temperature change","Oceania","Temperature change","Meteorological year","1981","°C","0.444"
"Temperature change","Oceania","Temperature change","Meteorological year","1982","°C","0.135"
"Temperature change","Oceania","Temperature change","Meteorological year","1983","°C","0.559"
"Temperature change","Oceania","Temperature change","Meteorological year","1984","°C","-0.151"
"Temperature change","Oceania","Temperature change","Meteorological year","1985","°C","0.292"
"Temperature change","Oceania","Temperature change","Meteorological year","1986","°C","0.327"
"Temperature change","Oceania","Temperature change","Meteorological year","1987","°C","0.306"
"Temperature change","Oceania","Temperature change","Meteorological year","1988","°C","0.875"
"Temperature change","Oceania","Temperature change","Meteorological year","1989","°C","0.143"
"Temperature change","Oceania","Temperature change","Meteorological year","1990","°C","0.488"
"Temperature change","Oceania","Temperature change","Meteorological year","1991","°C","0.716"
"Temperature change","Oceania","Temperature change","Meteorological year","1992","°C","0.202"
"Temperature change","Oceania","Temperature change","Meteorological year","1993","°C","0.378"
"Temperature change","Oceania","Temperature change","Meteorological year","1994","°C","0.163"
"Temperature change","Oceania","Temperature change","Meteorological year","1995","°C","0.367"
"Temperature change","Oceania","Temperature change","Meteorological year","1996","°C","0.518"
"Temperature change","Oceania","Temperature change","Meteorological year","1997","°C","0.289"
"Temperature change","Oceania","Temperature change","Meteorological year","1998","°C","1.038"
"Temperature change","Oceania","Temperature change","Meteorological year","1999","°C","0.547"
"Temperature change","Oceania","Temperature change","Meteorological year","2000","°C","0.143"
"Temperature change","Oceania","Temperature change","Meteorological year","2001","°C","0.342"
"Temperature change","Oceania","Temperature change","Meteorological year","2002","°C","0.703"
"Temperature change","Oceania","Temperature change","Meteorological year","2003","°C","0.771"
"Temperature change","Oceania","Temperature change","Meteorological year","2004","°C","0.632"
"Temperature change","Oceania","Temperature change","Meteorological year","2005","°C","1.091"
"Temperature change","Oceania","Temperature change","Meteorological year","2006","°C","0.614"
"Temperature change","Oceania","Temperature change","Meteorological year","2007","°C","0.824"
"Temperature change","Oceania","Temperature change","Meteorological year","2008","°C","0.543"
"Temperature change","Oceania","Temperature change","Meteorological year","2009","°C","0.9"
"Temperature change","Oceania","Temperature change","Meteorological year","2010","°C","0.666"
"Temperature change","Oceania","Temperature change","Meteorological year","2011","°C","0.212"
"Temperature change","Oceania","Temperature change","Meteorological year","2012","°C","0.276"
"Temperature change","Oceania","Temperature change","Meteorological year","2013","°C","1.396"
"Temperature change","Oceania","Temperature change","Meteorological year","2014","°C","1.083"
"Temperature change","Oceania","Temperature change","Meteorological year","2015","°C","0.997"
"Temperature change","Oceania","Temperature change","Meteorological year","2016","°C","1.163"
"Temperature change","Oceania","Temperature change","Meteorological year","2017","°C","1.11"
"Temperature change","Oceania","Temperature change","Meteorological year","2018","°C","1.096"
"Temperature change","Oceania","Temperature change","Meteorological year","2019","°C","1.37"
"Temperature change","Oceania","Standard Deviation","Meteorological year","1961","°C","0.31"
"Temperature change","Oceania","Standard Deviation","Meteorological year","1962","°C","0.31"
"Temperature change","Oceania","Standard Deviation","Meteorological year","1963","°C","0.31"
"Temperature change","Oceania","Standard Deviation","Meteorological year","1964","°C","0.31"
"Temperature change","Oceania","Standard Deviation","Meteorological year","1965","°C","0.31"
"Temperature change","Oceania","Standard Deviation","Meteorological year","1966","°C","0.31"
"Temperature change","Oceania","Standard Deviation","Meteorological year","1967","°C","0.31"
"Temperature change","Oceania","Standard Deviation","Meteorological year","1968","°C","0.31"
"Temperature change","Oceania","Standard Deviation","Meteorological year","1969","°C","0.31"
"Temperature change","Oceania","Standard Deviation","Meteorological year","1970","°C","0.31"
"Temperature change","Oceania","Standard Deviation","Meteorological year","1971","°C","0.31"
"Temperature change","Oceania","Standard Deviation","Meteorological year","1972","°C","0.31"
"Temperature change","Oceania","Standard Deviation","Meteorological year","1973","°C","0.31"
"Temperature change","Oceania","Standard Deviation","Meteorological year","1974","°C","0.31"
"Temperature change","Oceania","Standard Deviation","Meteorological year","1975","°C","0.31"
"Temperature change","Oceania","Standard Deviation","Meteorological year","1976","°C","0.31"
"Temperature change","Oceania","Standard Deviation","Meteorological year","1977","°C","0.31"
"Temperature change","Oceania","Standard Deviation","Meteorological year","1978","°C","0.31"
"Temperature change","Oceania","Standard Deviation","Meteorological year","1979","°C","0.31"
"Temperature change","Oceania","Standard Deviation","Meteorological year","1980","°C","0.31"
"Temperature change","Oceania","Standard Deviation","Meteorological year","1981","°C","0.31"
"Temperature change","Oceania","Standard Deviation","Meteorological year","1982","°C","0.31"
"Temperature change","Oceania","Standard Deviation","Meteorological year","1983","°C","0.31"
"Temperature change","Oceania","Standard Deviation","Meteorological year","1984","°C","0.31"
"Temperature change","Oceania","Standard Deviation","Meteorological year","1985","°C","0.31"
"Temperature change","Oceania","Standard Deviation","Meteorological year","1986","°C","0.31"
"Temperature change","Oceania","Standard Deviation","Meteorological year","1987","°C","0.31"
"Temperature change","Oceania","Standard Deviation","Meteorological year","1988","°C","0.31"
"Temperature change","Oceania","Standard Deviation","Meteorological year","1989","°C","0.31"
"Temperature change","Oceania","Standard Deviation","Meteorological year","1990","°C","0.31"
"Temperature change","Oceania","Standard Deviation","Meteorological year","1991","°C","0.31"
"Temperature change","Oceania","Standard Deviation","Meteorological year","1992","°C","0.31"
"Temperature change","Oceania","Standard Deviation","Meteorological year","1993","°C","0.31"
"Temperature change","Oceania","Standard Deviation","Meteorological year","1994","°C","0.31"
"Temperature change","Oceania","Standard Deviation","Meteorological year","1995","°C","0.31"
"Temperature change","Oceania","Standard Deviation","Meteorological year","1996","°C","0.31"
"Temperature change","Oceania","Standard Deviation","Meteorological year","1997","°C","0.31"
"Temperature change","Oceania","Standard Deviation","Meteorological year","1998","°C","0.31"
"Temperature change","Oceania","Standard Deviation","Meteorological year","1999","°C","0.31"
"Temperature change","Oceania","Standard Deviation","Meteorological year","2000","°C","0.31"
"Temperature change","Oceania","Standard Deviation","Meteorological year","2001","°C","0.31"
"Temperature change","Oceania","Standard Deviation","Meteorological year","2002","°C","0.31"
"Temperature change","Oceania","Standard Deviation","Meteorological year","2003","°C","0.31"
"Temperature change","Oceania","Standard Deviation","Meteorological year","2004","°C","0.31"
"Temperature change","Oceania","Standard Deviation","Meteorological year","2005","°C","0.31"
"Temperature change","Oceania","Standard Deviation","Meteorological year","2006","°C","0.31"
"Temperature change","Oceania","Standard Deviation","Meteorological year","2007","°C","0.31"
"Temperature change","Oceania","Standard Deviation","Meteorological year","2008","°C","0.31"
"Temperature change","Oceania","Standard Deviation","Meteorological year","2009","°C","0.31"
"Temperature change","Oceania","Standard Deviation","Meteorological year","2010","°C","0.31"
"Temperature change","Oceania","Standard Deviation","Meteorological year","2011","°C","0.31"
"Temperature change","Oceania","Standard Deviation","Meteorological year","2012","°C","0.31"
"Temperature change","Oceania","Standard Deviation","Meteorological year","2013","°C","0.31"
"Temperature change","Oceania","Standard Deviation","Meteorological year","2014","°C","0.31"
"Temperature change","Oceania","Standard Deviation","Meteorological year","2015","°C","0.31"
"Temperature change","Oceania","Standard Deviation","Meteorological year","2016","°C","0.31"
"Temperature change","Oceania","Standard Deviation","Meteorological year","2017","°C","0.31"
"Temperature change","Oceania","Standard Deviation","Meteorological year","2018","°C","0.31"
"Temperature change","Oceania","Standard Deviation","Meteorological year","2019","°C","0.31"
